ID,Predicted
0,0.21386045
1,0.22113004
2,0.2141529
3,0.24813826
4,0.222171
5,0.2129672
6,0.3668187
7,0.32172805
8,0.26970991
9,0.4546737
10,0.28653893
11,0.2366369
12,0.33426896
13,0.99859065
14,0.99576724
15,0.5139273
16,0.32500452
17,0.24676609
18,0.47760645
19,0.72858727
20,0.14652036
21,0.63569957
22,0.13045517
23,0.4182702
24,0.39733535
25,0.68512684
26,0.7694829
27,0.27068657
28,0.8702724
29,0.9870726
30,0.28633124
31,0.15521194
32,0.840494
33,0.646051
34,0.24242926
35,0.9385201
36,0.9307627
37,0.21560282
38,0.21540563
39,0.47809255
40,0.71740687
41,0.9201524
42,0.943027
43,0.32179454
44,0.67355496
45,0.5962698
46,0.21542513
47,0.66783834
48,0.3639106
49,0.25147846
50,0.21336769
51,0.99924207
52,0.22781318
53,0.27598557
54,0.32328227
55,0.36196816
56,0.90071315
57,0.16466874
58,0.26283172
59,0.8002306
60,0.3537287
61,0.296073
62,0.25491032
63,0.21544921
64,0.8889451
65,0.1558347
66,0.8725534
67,0.8302174
68,0.9398059
69,0.29666618
70,0.21106318
71,0.3218187
72,0.15349936
73,0.14642501
74,0.15288857
75,0.191293
76,0.19875522
77,0.40910116
78,0.14783275
79,0.38702324
80,0.89443684
81,0.29005545
82,0.76714957
83,0.8448151
84,0.7248287
85,0.39679894
86,0.23655929
87,0.2153949
88,0.95206344
89,0.66174376
90,0.14650282
91,0.64029497
92,0.75850844
93,0.29108238
94,0.07494769
95,0.13102528
96,0.19494615
97,0.25629294
98,0.84614605
99,0.7740527
100,0.956388
101,0.44203645
102,0.14647856
103,0.86648166
104,0.19939633
105,0.29321194
106,0.2971177
107,0.30279854
108,0.2331924
109,0.8704167
110,0.5275582
111,0.21806408
112,0.21543017
113,0.6213685
114,0.93095154
115,0.28388253
116,0.2892362
117,0.2796573
118,0.3446994
119,0.2671276
120,0.25308582
121,0.41182142
122,0.15355796
123,0.35997373
124,0.28140727
125,0.14652362
126,0.9802824
127,0.35465837
128,0.2820037
129,0.32324296
130,0.31820393
131,0.46381083
132,0.24817069
133,0.7181102
134,0.89224666
135,0.5748528
136,0.34040958
137,0.48477104
138,0.82075423
139,0.29116672
140,0.20798646
141,0.93522257
142,0.6264771
143,0.9106217
144,0.5465247
145,0.827235
146,0.5304531
147,0.14650832
148,0.7708055
149,0.33371067
150,0.21340097
151,0.3535024
152,0.29497942
153,0.23286761
154,0.15285942
155,0.15509115
156,0.86043096
157,0.8927246
158,0.15579917
159,0.38546047
160,0.2691091
161,0.21385527
162,0.14654337
163,0.55732274
164,0.8776753
165,0.8804149
166,0.6203742
167,0.44154948
168,0.9985905
169,0.28719553
170,0.26981133
171,0.3208365
172,0.14644675
173,0.23656084
174,0.14652798
175,0.32079962
176,0.20349248
177,0.9829847
178,0.3066834
179,0.41676825
180,0.25598228
181,0.3337265
182,0.14653072
183,0.95192903
184,0.7797146
185,0.23364
186,0.22591312
187,0.8522888
188,0.21156804
189,0.45506296
190,0.15563543
191,0.22110964
192,0.78826857
193,0.48484227
194,0.2899828
195,0.21540533
196,0.14649996
197,0.21544895
198,0.15066113
199,0.6551278
200,0.9875195
201,0.9710485
202,0.24141769
203,0.22947608
204,0.36710483
205,0.2344031
206,0.8176624
207,0.35548547
208,0.36974508
209,0.3556656
210,0.31361142
211,0.94165826
212,0.22114792
213,0.40874642
214,0.22119331
215,0.69043285
216,0.9832939
217,0.51570046
218,0.28429335
219,0.17300786
220,0.05490183
221,0.87404686
222,0.72255677
223,0.36126477
224,0.7175264
225,0.1938546
226,0.71329045
227,0.66834545
228,0.8174945
229,0.16776527
230,0.15706524
231,0.4689256
232,0.19668455
233,0.91486657
234,0.9295955
235,0.24819918
236,0.9607683
237,0.7848474
238,0.155854
239,0.28096694
240,0.4726006
241,0.49190474
242,0.9110894
243,0.23395881
244,0.40892905
245,0.97153836
246,0.32490396
247,0.46118134
248,0.36336446
249,0.32469454
250,0.21544552
251,0.22667885
252,0.29342943
253,0.2538728
254,0.7763458
255,0.7714013
256,0.26745695
257,0.33119214
258,0.19876882
259,0.1465008
260,0.6908634
261,0.8861168
262,0.6380123
263,0.28652287
264,0.8459653
265,0.35663092
266,0.28511113
267,0.54323554
268,0.82270104
269,0.22911839
270,0.70684636
271,0.8961084
272,0.31277734
273,0.15200762
274,0.15131593
275,0.4778038
276,0.9521554
277,0.8174987
278,0.87022465
279,0.23726898
280,0.93516034
281,0.1425473
282,0.83677775
283,0.7554486
284,0.33498305
285,0.84706146
286,0.32299024
287,0.14648823
288,0.19669345
289,0.4267133
290,0.59734154
291,0.23662198
292,0.8486614
293,0.22808588
294,0.6761603
295,0.21327381
296,0.2690272
297,0.14945693
298,0.77749425
299,0.39259207
300,0.19876313
301,0.7841505
302,0.5513525
303,0.7783707
304,0.4006876
305,0.5584015
306,0.96137685
307,0.94276744
308,0.2690047
309,0.61808133
310,0.29512534
311,0.36193955
312,0.20729098
313,0.6150293
314,0.15263207
315,0.32372984
316,0.47958234
317,0.2327915
318,0.21513106
319,0.26905328
320,0.27194017
321,0.24878234
322,0.9264556
323,0.29000714
324,0.23110992
325,0.95767385
326,0.31621328
327,0.2608855
328,0.5347231
329,0.2330521
330,0.3704215
331,0.75084037
332,0.15362583
333,0.31804577
334,0.2842636
335,0.83237445
336,0.3364813
337,0.13911365
338,0.61554015
339,0.57589847
340,0.3886388
341,0.66220057
342,0.8931553
343,0.15654947
344,0.22115985
345,0.2259809
346,0.45701644
347,0.15227155
348,0.23236029
349,0.2862886
350,0.3019296
351,0.41963106
352,0.32376122
353,0.2333472
354,0.49021962
355,0.22112231
356,0.9641089
357,0.40277734
358,0.152853
359,0.9158016
360,0.14652802
361,0.15738218
362,0.6529989
363,0.55196977
364,0.15557952
365,0.24012469
366,0.86060953
367,0.19869068
368,0.2540842
369,0.98407954
370,0.61855775
371,0.21198697
372,0.48934588
373,0.15626831
374,0.32091913
375,0.14654516
376,0.6928849
377,0.30502555
378,0.9701502
379,0.22697069
380,0.99858993
381,0.46713787
382,0.928287
383,0.5360953
384,0.89450395
385,0.23602149
386,0.29427347
387,0.37578824
388,0.23448
389,0.70711666
390,0.21196264
391,0.49018198
392,0.2362263
393,0.15288708
394,0.14875391
395,0.012868126
396,0.8302595
397,0.7565166
398,0.21540676
399,0.24984173
400,0.33498278
401,0.20949337
402,0.32458964
403,0.29436985
404,0.21543193
405,0.8085458
406,0.5513515
407,0.9824537
408,0.35973802
409,0.23320055
410,0.52109104
411,0.43936628
412,0.18786208
413,0.92585325
414,0.34497693
415,0.9992488
416,0.28494588
417,0.27235106
418,0.1514906
419,0.33369938
420,0.6273436
421,0.8169445
422,0.38804603
423,0.52173954
424,0.71026605
425,0.15153436
426,0.5019347
427,0.5454993
428,0.32369572
429,0.23429085
430,0.8477384
431,0.7719486
432,0.8783366
433,0.5307509
434,0.20884259
435,0.08228173
436,0.27676874
437,0.9992409
438,0.2245944
439,0.1464998
440,0.39641532
441,0.22103159
442,0.23400235
443,0.43981597
444,0.22115311
445,0.22117254
446,0.5510335
447,0.5901509
448,0.3247551
449,0.999663
450,0.24978852
451,0.9679414
452,0.13071129
453,0.31996304
454,0.82105875
455,0.16972807
456,0.236585
457,0.03329035
458,0.540217
459,0.35974854
460,0.29505286
461,0.19603923
462,0.9614729
463,0.18183546
464,0.14647178
465,0.8537307
466,0.74371403
467,0.59398174
468,0.6607731
469,0.8505072
470,0.31225428
471,0.9217496
472,0.35574055
473,0.010343683
474,0.94631433
475,0.4546443
476,0.2862966
477,0.4027693
478,0.92876756
479,0.2365826
480,0.87531936
481,0.7964507
482,0.887269
483,0.52050143
484,0.26267776
485,0.8960261
486,0.15131871
487,0.75397307
488,0.334932
489,0.675574
490,0.32593945
491,0.15759923
492,0.97967637
493,0.25573748
494,0.8545188
495,0.30216947
496,0.42825243
497,0.23029137
498,0.26903674
499,0.2885965
500,0.15242785
501,0.2864081
502,0.35563177
503,0.9468728
504,0.19862041
505,0.33588684
506,0.87823486
507,0.7095513
508,0.26909158
509,0.9284016
510,0.35188067
511,0.19494615
512,0.32272786
513,0.89606315
514,0.31194657
515,0.37116086
516,0.3749768
517,0.95183104
518,0.21545014
519,0.1554786
520,0.19840796
521,0.730426
522,0.5176733
523,0.14597355
524,0.54560846
525,0.19494613
526,0.33370385
527,0.2153106
528,0.29706332
529,0.35461986
530,0.9254498
531,0.83223766
532,0.28991562
533,0.40921444
534,0.2153692
535,0.33110958
536,0.9196964
537,0.57783437
538,0.7175091
539,0.14693475
540,0.8786131
541,0.14651836
542,0.21191329
543,0.18000616
544,0.14689106
545,0.29843447
546,0.30932662
547,0.21382792
548,0.9176509
549,0.14254627
550,0.6147897
551,0.9092468
552,0.8144482
553,0.90127695
554,0.22213988
555,0.8396338
556,0.3572413
557,0.19877888
558,0.9530333
559,0.9670871
560,0.93003
561,0.21540597
562,0.79462016
563,0.19880506
564,0.9599383
565,0.14650844
566,0.14342904
567,0.555166
568,0.7947552
569,0.19877093
570,0.22077204
571,0.39945227
572,0.96075904
573,0.3966829
574,0.7554155
575,0.9881108
576,0.7861168
577,0.9278512
578,0.5158753
579,0.86921966
580,0.25264937
581,0.52633685
582,0.3539353
583,0.31902972
584,0.21543305
585,0.38483882
586,0.19494613
587,0.23034407
588,0.30772144
589,0.29716313
590,0.38182166
591,0.5987276
592,0.3144058
593,0.3205673
594,0.85575145
595,0.31550366
596,0.6600193
597,0.15356566
598,0.23240447
599,0.99902356
600,0.26283097
601,0.3525433
602,0.9786138
603,0.36221504
604,0.915576
605,0.78844774
606,0.745492
607,0.8728618
608,0.042052068
609,0.8916676
610,0.29102227
611,0.53406537
612,0.706749
613,0.23644029
614,0.6490373
615,0.3345545
616,0.2209948
617,0.15584256
618,0.98247266
619,0.14736874
620,0.8660605
621,0.40060616
622,0.99936825
623,0.76902664
624,0.92289674
625,0.355497
626,0.693065
627,0.14648193
628,0.3236703
629,0.25221106
630,0.15727575
631,0.28235132
632,0.14651911
633,0.93575764
634,0.717964
635,0.24284498
636,0.33348575
637,0.15439865
638,0.99936837
639,0.8656633
640,0.22850473
641,0.15491416
642,0.71211225
643,0.82710123
644,0.98939884
645,0.7791388
646,0.8164387
647,0.24204436
648,0.94361424
649,0.010343683
650,0.35590273
651,0.1988293
652,0.9735997
653,0.38531825
654,0.44193488
655,0.25638202
656,0.2868833
657,0.2809586
658,0.31229514
659,0.15341866
660,0.75740755
661,0.41865715
662,0.26898813
663,0.28809628
664,0.6624103
665,0.14649034
666,0.30916622
667,0.7771337
668,0.21330543
669,0.5200478
670,0.6678264
671,0.5158219
672,0.3298962
673,0.46644852
674,0.73473084
675,0.36334655
676,0.29720542
677,0.20738445
678,0.3572413
679,0.33371732
680,0.2815429
681,0.8788025
682,0.22447129
683,0.31575933
684,0.35394663
685,0.38801852
686,0.21535932
687,0.8990812
688,0.25639582
689,0.78019875
690,0.30912745
691,0.65412146
692,0.8436062
693,0.3889007
694,0.4774733
695,0.28424644
696,0.29561332
697,0.3705145
698,0.4415193
699,0.28227663
700,0.8973207
701,0.740019
702,0.19875588
703,0.36082938
704,0.75666374
705,0.22002539
706,0.14653465
707,0.22592027
708,0.19876784
709,0.8201062
710,0.36266485
711,0.26900527
712,0.37838122
713,0.40340877
714,0.2153405
715,0.15280555
716,0.33495265
717,0.19875003
718,0.5864136
719,0.38010734
720,0.44232655
721,0.311801
722,0.26088914
723,0.71797943
724,0.8423394
725,0.2876823
726,0.1406778
727,0.80897874
728,0.23277485
729,0.29710478
730,0.22089933
731,0.22976127
732,0.12633598
733,0.3233332
734,0.32230154
735,0.3144891
736,0.99924207
737,0.2865424
738,0.32999304
739,0.2971233
740,0.21539447
741,0.21545228
742,0.8024603
743,0.134353
744,0.85575956
745,0.13048184
746,0.14683472
747,0.21683177
748,0.2967663
749,0.18458381
750,0.33155993
751,0.28486913
752,0.53164506
753,0.32376108
754,0.32502082
755,0.9762374
756,0.36451003
757,0.15802291
758,0.14641435
759,0.32358652
760,0.18726332
761,0.21543588
762,0.3539311
763,0.21033801
764,0.7348602
765,0.8015511
766,0.4332181
767,0.64614683
768,0.70803714
769,0.5602574
770,0.30708176
771,0.3286537
772,0.2422368
773,0.14636369
774,0.3686467
775,0.80808043
776,0.21535411
777,0.71559393
778,0.21547002
779,0.21546018
780,0.33490202
781,0.9316624
782,0.28631082
783,0.29720014
784,0.99924123
785,0.25304642
786,0.21192186
787,0.9056563
788,0.33362186
789,0.14316006
790,0.70553106
791,0.7089563
792,0.19638059
793,0.3070076
794,0.9445504
795,0.44027135
796,0.21332379
797,0.14652765
798,0.3217256
799,0.7358947
800,0.6931634
801,0.73497695
802,0.23355937
803,0.5256616
804,0.28989986
805,0.15283556
806,0.21518952
807,0.8175425
808,0.14645964
809,0.4252778
810,0.27367005
811,0.9386126
812,0.14652856
813,0.15319228
814,0.35938296
815,0.36265615
816,0.8023282
817,0.75113803
818,0.70781296
819,0.15741305
820,0.8404084
821,0.93688816
822,0.25028303
823,0.82701
824,0.21545748
825,0.12144837
826,0.7928615
827,0.8187418
828,0.6908234
829,0.32475582
830,0.28485283
831,0.81113756
832,0.20565677
833,0.24306063
834,0.9277309
835,0.15741864
836,0.733121
837,0.146529
838,0.5278659
839,0.82086104
840,0.13410749
841,0.14652959
842,0.76905125
843,0.3128811
844,0.19880486
845,0.26862955
846,0.28692055
847,0.15218656
848,0.2848121
849,0.8865443
850,0.9134756
851,0.8161655
852,0.33985192
853,0.9547267
854,0.7963755
855,0.26283833
856,0.62423235
857,0.9262157
858,0.9408356
859,0.31164926
860,0.36265317
861,0.51433295
862,0.2343319
863,0.32365444
864,0.52995574
865,0.33627102
866,0.9517169
867,0.7966264
868,0.36152178
869,0.6345502
870,0.291417
871,0.45008352
872,0.9700028
873,0.42999262
874,0.8923065
875,0.73978966
876,0.9072132
877,0.9559051
878,0.23716657
879,0.26289183
880,0.47701955
881,0.4470204
882,0.14656693
883,0.864891
884,0.38813335
885,0.20442754
886,0.15339045
887,0.2823289
888,0.25606868
889,0.15742096
890,0.7204844
891,0.28223497
892,0.23005798
893,0.3182001
894,0.95256907
895,0.45743248
896,0.5409261
897,0.198795
898,0.23010974
899,0.3845226
900,0.21534023
901,0.1984854
902,0.30864194
903,0.99859065
904,0.14563543
905,0.9342947
906,0.4265142
907,0.8155086
908,0.20595293
909,0.8148262
910,0.21174109
911,0.23418728
912,0.15467714
913,0.20741197
914,0.31586543
915,0.24209136
916,0.38118985
917,0.82093304
918,0.9018051
919,0.28368184
920,0.31013232
921,0.14633317
922,0.14651962
923,0.35454756
924,0.3336843
925,0.21898991
926,0.45719728
927,0.56071424
928,0.26289776
929,0.38305265
930,0.28245902
931,0.345506
932,0.5505029
933,0.3576559
934,0.2971712
935,0.34513354
936,0.23275734
937,0.2294697
938,0.20332955
939,0.32076997
940,0.86744916
941,0.65260977
942,0.7147501
943,0.297126
944,0.7174403
945,0.31298718
946,0.33489633
947,0.19931084
948,0.3600937
949,0.4118231
950,0.14656116
951,0.7001296
952,0.81769794
953,0.23719655
954,0.33353463
955,0.7365873
956,0.323558
957,0.2690495
958,0.80557245
959,0.8441428
960,0.2689249
961,0.8267336
962,0.1524456
963,0.32377043
964,0.13410753
965,0.15554956
966,0.316047
967,0.24249701
968,0.25584927
969,0.5309491
970,0.690551
971,0.64112365
972,0.29725084
973,0.8972118
974,0.26282614
975,0.36173716
976,0.14652905
977,0.40915582
978,0.30708265
979,0.22734365
980,0.14625446
981,0.3247413
982,0.24144568
983,0.8148831
984,0.38870886
985,0.16082448
986,0.7632588
987,0.4576771
988,0.1501192
989,0.23381186
990,0.5328655
991,0.26245522
992,0.30705494
993,0.8010883
994,0.87881666
995,0.9665091
996,0.712326
997,0.22112393
998,0.3461409
999,0.5325564
1000,0.21189599
1001,0.115387924
1002,0.2628837
1003,0.28389657
1004,0.8078368
1005,0.29214934
1006,0.7722441
1007,0.2331171
1008,0.14254873
1009,0.26115808
1010,0.14254208
1011,0.1987784
1012,0.33369884
1013,0.2139452
1014,0.7523092
1015,0.37247983
1016,0.6714105
1017,0.39948702
1018,0.15740322
1019,0.11012958
1020,0.91796184
1021,0.8179746
1022,0.76348466
1023,0.28981054
1024,0.3158067
1025,0.7347528
1026,0.86672056
1027,0.22112975
1028,0.52029973
1029,0.15697372
1030,0.2253929
1031,0.2154162
1032,0.21541281
1033,0.319644
1034,0.21543814
1035,0.5512807
1036,0.31256023
1037,0.3046648
1038,0.33357626
1039,0.9007254
1040,0.477112
1041,0.29210296
1042,0.9627369
1043,0.7440016
1044,0.62443626
1045,0.13192193
1046,0.9832941
1047,0.24413256
1048,0.28142905
1049,0.17273276
1050,0.3534175
1051,0.14654744
1052,0.80804425
1053,0.86539316
1054,0.3995416
1055,0.29002142
1056,0.21045382
1057,0.2555919
1058,0.6359608
1059,0.19766118
1060,0.8135588
1061,0.14257765
1062,0.21534985
1063,0.2696733
1064,0.5164097
1065,0.29095772
1066,0.8721381
1067,0.15354826
1068,0.85094386
1069,0.2270845
1070,0.9801256
1071,0.33369416
1072,0.25495252
1073,0.14649968
1074,0.63272923
1075,0.28221256
1076,0.9995974
1077,0.79990584
1078,0.22111088
1079,0.8268247
1080,0.2365467
1081,0.15165628
1082,0.94959956
1083,0.53480524
1084,0.19868536
1085,0.9994517
1086,0.14651226
1087,0.23654568
1088,0.95537215
1089,0.3118748
1090,0.1535267
1091,0.27175468
1092,0.14653301
1093,0.88756657
1094,0.2307409
1095,0.247688
1096,0.87807757
1097,0.2786835
1098,0.21527542
1099,0.672051
1100,0.28227103
1101,0.76088357
1102,0.28185624
1103,0.15579906
1104,0.15447935
1105,0.2320497
1106,0.39050448
1107,0.14650883
1108,0.46782434
1109,0.9700455
1110,0.21343012
1111,0.14651716
1112,0.5608361
1113,0.35156292
1114,0.9505473
1115,0.53218293
1116,0.6242601
1117,0.15078565
1118,0.15700316
1119,0.2690609
1120,0.30530185
1121,0.14647402
1122,0.3134626
1123,0.23023976
1124,0.65852845
1125,0.32085887
1126,0.15167892
1127,0.8185357
1128,0.21388437
1129,0.9990233
1130,0.14652997
1131,0.82652384
1132,0.15003012
1133,0.21192402
1134,0.6924535
1135,0.44039252
1136,0.39554077
1137,0.28704712
1138,0.21375684
1139,0.9645768
1140,0.2340876
1141,0.5465457
1142,0.23657727
1143,0.95640224
1144,0.66811323
1145,0.44181255
1146,0.1465114
1147,0.8634875
1148,0.8952927
1149,0.53119177
1150,0.8149903
1151,0.143174
1152,0.14637834
1153,0.28228983
1154,0.30536216
1155,0.39802092
1156,0.33489302
1157,0.23196174
1158,0.63500935
1159,0.4421531
1160,0.26523364
1161,0.3399982
1162,0.85778344
1163,0.14254192
1164,0.22201017
1165,0.96282524
1166,0.9371446
1167,0.8739794
1168,0.25183547
1169,0.32438582
1170,0.9581514
1171,0.9976562
1172,0.15443793
1173,0.71143943
1174,0.77337754
1175,0.28096142
1176,0.15555584
1177,0.49130648
1178,0.5276942
1179,0.15446132
1180,0.15791714
1181,0.38455448
1182,0.7715578
1183,0.8434374
1184,0.34100637
1185,0.29708982
1186,0.7113529
1187,0.9997358
1188,0.54930353
1189,0.4116786
1190,0.14648132
1191,0.22110988
1192,0.15265127
1193,0.4769681
1194,0.37584677
1195,0.15693752
1196,0.23745435
1197,0.022677219
1198,0.21545365
1199,0.55131453
1200,0.7339498
1201,0.22119005
1202,0.9437882
1203,0.2444036
1204,0.36827216
1205,0.32068974
1206,0.7689533
1207,0.18224768
1208,0.49042255
1209,0.9471569
1210,0.14647119
1211,0.37793747
1212,0.98917156
1213,0.3019401
1214,0.31972682
1215,0.22100677
1216,0.2253337
1217,0.5160238
1218,0.33362743
1219,0.21543136
1220,0.7113601
1221,0.81653357
1222,0.8318204
1223,0.22455837
1224,0.5166899
1225,0.1468549
1226,0.35981944
1227,0.31421027
1228,0.65882826
1229,0.23712462
1230,0.99858886
1231,0.54071206
1232,0.35526067
1233,0.23275316
1234,0.6000928
1235,0.6818918
1236,0.35732704
1237,0.14652751
1238,0.4119354
1239,0.14643806
1240,0.13982938
1241,0.47465274
1242,0.9474386
1243,0.4374277
1244,0.6403825
1245,0.8201761
1246,0.19877972
1247,0.19874756
1248,0.46706152
1249,0.2466571
1250,0.31507406
1251,0.012612188
1252,0.18675292
1253,0.19842361
1254,0.8968387
1255,0.21541291
1256,0.23360454
1257,0.70451033
1258,0.48747107
1259,0.998588
1260,0.22076222
1261,0.8904396
1262,0.21546488
1263,0.37279218
1264,0.4268763
1265,0.32564524
1266,0.3348919
1267,0.15585089
1268,0.2943867
1269,0.3011252
1270,0.15352169
1271,0.2695052
1272,0.23293713
1273,0.31589517
1274,0.5382519
1275,0.45427206
1276,0.8666042
1277,0.31443003
1278,0.9891405
1279,0.27750853
1280,0.7345288
1281,0.7900137
1282,0.28304136
1283,0.14651924
1284,0.30923718
1285,0.14254715
1286,0.9309057
1287,0.6547071
1288,0.1434273
1289,0.8372133
1290,0.5454999
1291,0.47172508
1292,0.82998586
1293,0.53550005
1294,0.40108976
1295,0.28632176
1296,0.20572168
1297,0.6300023
1298,0.7950579
1299,0.14275187
1300,0.9517102
1301,0.2555574
1302,0.95926416
1303,0.21402563
1304,0.5576051
1305,0.14648297
1306,0.99940705
1307,0.98045886
1308,0.18495657
1309,0.21547645
1310,0.7175755
1311,0.24417959
1312,0.59135914
1313,0.3352121
1314,0.30855843
1315,0.2143223
1316,0.2789417
1317,0.29714382
1318,0.21528818
1319,0.8048612
1320,0.21198475
1321,0.23670846
1322,0.13989149
1323,0.8072106
1324,0.3092287
1325,0.35588396
1326,0.14653118
1327,0.873667
1328,0.33201376
1329,0.26286277
1330,0.9861347
1331,0.3020131
1332,0.1465084
1333,0.30913836
1334,0.90081596
1335,0.8200198
1336,0.901699
1337,0.14645925
1338,0.4121074
1339,0.22106662
1340,0.28522664
1341,0.31261188
1342,0.9193534
1343,0.21543257
1344,0.8787932
1345,0.21547763
1346,0.531579
1347,0.9296478
1348,0.6088409
1349,0.7473793
1350,0.52718467
1351,0.7118512
1352,0.7721069
1353,0.9088745
1354,0.32266346
1355,0.23276901
1356,0.7878169
1357,0.18570933
1358,0.73895174
1359,0.19842319
1360,0.3166731
1361,0.3523444
1362,0.5589508
1363,0.23656175
1364,0.15349232
1365,0.35380334
1366,0.8704051
1367,0.95848227
1368,0.3227844
1369,0.9216775
1370,0.77976215
1371,0.45702505
1372,0.8134131
1373,0.69085395
1374,0.28728887
1375,0.77615345
1376,0.2115428
1377,0.9526437
1378,0.15339944
1379,0.6504187
1380,0.35846743
1381,0.2865273
1382,0.6013932
1383,0.31762218
1384,0.6907805
1385,0.3256419
1386,0.26166427
1387,0.26282698
1388,0.3567405
1389,0.8398012
1390,0.26284543
1391,0.35398984
1392,0.14651285
1393,0.6698443
1394,0.236573
1395,0.85486645
1396,0.2560531
1397,0.29625183
1398,0.24215735
1399,0.9411332
1400,0.8216096
1401,0.2818579
1402,0.15286013
1403,0.8881249
1404,0.39789414
1405,0.8189184
1406,0.36118945
1407,0.15726554
1408,0.5156071
1409,0.61663914
1410,0.8612404
1411,0.21447302
1412,0.19879767
1413,0.93012017
1414,0.1465178
1415,0.9990169
1416,0.4689626
1417,0.92826813
1418,0.22105981
1419,0.9080772
1420,0.21540692
1421,0.7373182
1422,0.23639822
1423,0.43354306
1424,0.21547206
1425,0.26254323
1426,0.23271142
1427,0.9990232
1428,0.31681386
1429,0.1538026
1430,0.27752623
1431,0.19874874
1432,0.93922853
1433,0.9990237
1434,0.7936713
1435,0.15735552
1436,0.94595087
1437,0.73447394
1438,0.24881198
1439,0.20345782
1440,0.14647186
1441,0.21809071
1442,0.39016715
1443,0.14653283
1444,0.60148025
1445,0.91678727
1446,0.52158326
1447,0.28220585
1448,0.14652887
1449,0.47164097
1450,0.71474904
1451,0.69357616
1452,0.48674065
1453,0.14649658
1454,0.89131933
1455,0.2900865
1456,0.19182481
1457,0.1528901
1458,0.21103755
1459,0.21359102
1460,0.63965225
1461,0.2818457
1462,0.24135312
1463,0.9233243
1464,0.35249448
1465,0.54317796
1466,0.9990232
1467,0.3093875
1468,0.75043267
1469,0.1839414
1470,0.14651874
1471,0.31871256
1472,0.9992105
1473,0.2425664
1474,0.2365326
1475,0.7810254
1476,0.91309553
1477,0.2822103
1478,0.7811116
1479,0.15705791
1480,0.3016131
1481,0.7146182
1482,0.69052416
1483,0.19877164
1484,0.97886217
1485,0.66271627
1486,0.14648974
1487,0.5525408
1488,0.8743547
1489,0.36270356
1490,0.6721836
1491,0.71329385
1492,0.9990239
1493,0.28864175
1494,0.73459613
1495,0.19880623
1496,0.5201462
1497,0.15133739
1498,0.46481556
1499,0.30393758
1500,0.14651124
1501,0.8219127
1502,0.23215418
1503,0.29458624
1504,0.28500944
1505,0.22104108
1506,0.21681052
1507,0.8068396
1508,0.9137559
1509,0.14634953
1510,0.35528418
1511,0.15270488
1512,0.99940705
1513,0.99894494
1514,0.5734513
1515,0.35833645
1516,0.33422276
1517,0.9845738
1518,0.29000023
1519,0.2951007
1520,0.77280265
1521,0.22535601
1522,0.2611541
1523,0.31342116
1524,0.4977512
1525,0.9851382
1526,0.31216952
1527,0.72476625
1528,0.6770481
1529,0.3191674
1530,0.35455063
1531,0.47085777
1532,0.1966789
1533,0.7703312
1534,0.30953884
1535,0.9066492
1536,0.22029993
1537,0.6735195
1538,0.17971668
1539,0.31337857
1540,0.28576976
1541,0.90585953
1542,0.2672133
1543,0.15586984
1544,0.3334369
1545,0.3883117
1546,0.24884619
1547,0.22120008
1548,0.30124384
1549,0.99996126
1550,0.9177599
1551,0.14652053
1552,0.77892727
1553,0.2563713
1554,0.5415071
1555,0.2154645
1556,0.20071714
1557,0.4002727
1558,0.14254291
1559,0.31123278
1560,0.9205457
1561,0.97059554
1562,0.37019205
1563,0.14876924
1564,0.21543668
1565,0.6809566
1566,0.9997311
1567,0.3138423
1568,0.22567265
1569,0.15348989
1570,0.29709712
1571,0.8266946
1572,0.39963078
1573,0.2823732
1574,0.6952293
1575,0.21055341
1576,0.42651814
1577,0.33366162
1578,0.8930037
1579,0.2154709
1580,0.9990226
1581,0.26903307
1582,0.9102712
1583,0.21333885
1584,0.27136135
1585,0.3639472
1586,0.7511413
1587,0.2840935
1588,0.36903337
1589,0.33280018
1590,0.14644216
1591,0.19856675
1592,0.3047911
1593,0.35338858
1594,0.80370295
1595,0.21531923
1596,0.21039596
1597,0.28840742
1598,0.99992657
1599,0.84346527
1600,0.262871
1601,0.943319
1602,0.9941742
1603,0.31081218
1604,0.9630024
1605,0.16027921
1606,0.64054114
1607,0.2690332
1608,0.99999094
1609,0.9992416
1610,0.77884305
1611,0.9992424
1612,0.23644513
1613,0.6103248
1614,0.2675112
1615,0.97721046
1616,0.39286378
1617,0.36269155
1618,0.899993
1619,0.14691295
1620,0.2154168
1621,0.14653498
1622,0.8275136
1623,0.37124753
1624,0.989583
1625,0.41059878
1626,0.3655542
1627,0.3216738
1628,0.19881323
1629,0.4843741
1630,0.2126793
1631,0.4109072
1632,0.95140886
1633,0.23322843
1634,0.23656917
1635,0.1556968
1636,0.23115596
1637,0.2900575
1638,0.8023815
1639,0.4202109
1640,0.35468352
1641,0.19667418
1642,0.9631084
1643,0.2628233
1644,0.9088795
1645,0.13985771
1646,0.87543625
1647,0.35544252
1648,0.20952858
1649,0.15626788
1650,0.14569195
1651,0.9379501
1652,0.3325597
1653,0.26341012
1654,0.19494613
1655,0.87542677
1656,0.7716115
1657,0.73794025
1658,0.48296198
1659,0.20811355
1660,0.32455787
1661,0.29376075
1662,0.33603686
1663,0.26282275
1664,0.19880483
1665,0.8361102
1666,0.32085872
1667,0.84314483
1668,0.93853027
1669,0.15560633
1670,0.70363164
1671,0.26886398
1672,0.95729965
1673,0.7793127
1674,0.9586967
1675,0.19494613
1676,0.2823313
1677,0.4073755
1678,0.1572947
1679,0.22106779
1680,0.2481418
1681,0.8605991
1682,0.19879293
1683,0.1464524
1684,0.28227192
1685,0.39928418
1686,0.9837271
1687,0.21538535
1688,0.62500817
1689,0.40904745
1690,0.8461676
1691,0.2690478
1692,0.21542673
1693,0.28004292
1694,0.21542409
1695,0.25580743
1696,0.33262387
1697,0.8455913
1698,0.9105112
1699,0.8159212
1700,0.14652108
1701,0.14693469
1702,0.86618704
1703,0.42196766
1704,0.86023
1705,0.2229903
1706,0.99928904
1707,0.26102012
1708,0.95593774
1709,0.19494613
1710,0.39575118
1711,0.2652248
1712,0.47747818
1713,0.8065248
1714,0.8066502
1715,0.076903425
1716,0.010790749
1717,0.2366933
1718,0.29000872
1719,0.98890847
1720,0.93763417
1721,0.9691974
1722,0.2240291
1723,0.2872947
1724,0.22103786
1725,0.93815327
1726,0.5197491
1727,0.26286516
1728,0.1563255
1729,0.1555805
1730,0.23654194
1731,0.7611464
1732,0.3924397
1733,0.87531936
1734,0.14639513
1735,0.30928886
1736,0.99858814
1737,0.22113612
1738,0.14647257
1739,0.34997112
1740,0.45105222
1741,0.2117777
1742,0.21883693
1743,0.36613482
1744,0.9294038
1745,0.7692477
1746,0.23655742
1747,0.3246925
1748,0.19494615
1749,0.45830423
1750,0.8168382
1751,0.8025298
1752,0.21543236
1753,0.20746917
1754,0.80080396
1755,0.15290408
1756,0.52363425
1757,0.22810167
1758,0.31538528
1759,0.51220125
1760,0.2210064
1761,0.22807494
1762,0.21667488
1763,0.2883449
1764,0.14648075
1765,0.35205615
1766,0.19880615
1767,0.15736286
1768,0.5955136
1769,0.99858946
1770,0.3247075
1771,0.20851748
1772,0.73543406
1773,0.1726159
1774,0.918516
1775,0.19871302
1776,0.15345767
1777,0.23659943
1778,0.8334195
1779,0.4027934
1780,0.78739536
1781,0.55921924
1782,0.14648776
1783,0.6018229
1784,0.5319917
1785,0.4670639
1786,0.20593967
1787,0.29374936
1788,0.2836907
1789,0.19778484
1790,0.6426041
1791,0.91803116
1792,0.7775438
1793,0.9148459
1794,0.15354061
1795,0.8821593
1796,0.6199774
1797,0.20844159
1798,0.6883913
1799,0.18304934
1800,0.5368721
1801,0.47752956
1802,0.19882792
1803,0.5966415
1804,0.87538755
1805,0.81741637
1806,0.42760527
1807,0.23234475
1808,0.14686862
1809,0.14647146
1810,0.875744
1811,0.25586808
1812,0.28230247
1813,0.6904269
1814,0.3714826
1815,0.20961191
1816,0.75068146
1817,0.52954304
1818,0.8189559
1819,0.32090086
1820,0.15638755
1821,0.7113425
1822,0.30664545
1823,0.4780131
1824,0.45806113
1825,0.9638995
1826,0.15284362
1827,0.2790458
1828,0.8878153
1829,0.23661913
1830,0.9964132
1831,0.35978064
1832,0.21545811
1833,0.8984451
1834,0.7531719
1835,0.26278037
1836,0.14628908
1837,0.36038572
1838,0.28568858
1839,0.29503617
1840,0.28748292
1841,0.35279104
1842,0.24595039
1843,0.79495513
1844,0.9303916
1845,0.96575034
1846,0.31733438
1847,0.14640465
1848,0.26286903
1849,0.31853178
1850,0.14642346
1851,0.5240576
1852,0.43239182
1853,0.9709072
1854,0.20800292
1855,0.2211229
1856,0.15227158
1857,0.23663007
1858,0.22736678
1859,0.35120586
1860,0.35534996
1861,0.9628184
1862,0.6241989
1863,0.21135812
1864,0.8882738
1865,0.21358685
1866,0.29329863
1867,0.8966091
1868,0.3627646
1869,0.35397437
1870,0.25108317
1871,0.30575863
1872,0.21294653
1873,0.35642985
1874,0.29509667
1875,0.19264966
1876,0.27131385
1877,0.42841443
1878,0.32925832
1879,0.31438506
1880,0.71724725
1881,0.62369
1882,0.7363935
1883,0.2949324
1884,0.5910293
1885,0.9026176
1886,0.3312044
1887,0.9162126
1888,0.7370584
1889,0.30940264
1890,0.21543305
1891,0.96669453
1892,0.8642773
1893,0.21546975
1894,0.733837
1895,0.27570236
1896,0.23649228
1897,0.65312696
1898,0.21546896
1899,0.15724996
1900,0.21045351
1901,0.36170545
1902,0.2399336
1903,0.22098583
1904,0.41190895
1905,0.32997647
1906,0.23295234
1907,0.19869404
1908,0.22095361
1909,0.69353825
1910,0.7817755
1911,0.16158131
1912,0.13798021
1913,0.19878684
1914,0.78387463
1915,0.15347359
1916,0.8435966
1917,0.29786855
1918,0.99924207
1919,0.87043625
1920,0.7989543
1921,0.35141477
1922,0.287251
1923,0.3126698
1924,0.6530414
1925,0.072742976
1926,0.32289377
1927,0.9992932
1928,0.9901029
1929,0.19494613
1930,0.20990618
1931,0.85610497
1932,0.23304169
1933,0.21536641
1934,0.33331642
1935,0.54532105
1936,0.24776882
1937,0.679365
1938,0.31667987
1939,0.69086474
1940,0.15741785
1941,0.25325516
1942,0.8724409
1943,0.5468961
1944,0.40917024
1945,0.19213067
1946,0.99805176
1947,0.62675166
1948,0.30270848
1949,0.15739681
1950,0.7064989
1951,0.30508316
1952,0.15274157
1953,0.47728205
1954,0.131681
1955,0.47702974
1956,0.35960746
1957,0.21542805
1958,0.15748441
1959,0.14653441
1960,0.65807545
1961,0.640349
1962,0.7820404
1963,0.30370477
1964,0.67267936
1965,0.41794857
1966,0.15580584
1967,0.42776653
1968,0.7490615
1969,0.29000038
1970,0.28510705
1971,0.9001216
1972,0.15254517
1973,0.15455078
1974,0.21186247
1975,0.807476
1976,0.1862129
1977,0.63457674
1978,0.36268443
1979,0.8687939
1980,0.38270357
1981,0.7114895
1982,0.5514832
1983,0.6462069
1984,0.52435774
1985,0.46020654
1986,0.8478696
1987,0.8350456
1988,0.30517828
1989,0.5831108
1990,0.33370146
1991,0.8024899
1992,0.22110204
1993,0.46705756
1994,0.6604832
1995,0.9122514
1996,0.5275289
1997,0.15605031
1998,0.23724057
1999,0.19875157
2000,0.32172468
2001,0.3536462
2002,0.33693588
2003,0.2688465
2004,0.28217325
2005,0.19881316
2006,0.26287165
2007,0.33358592
2008,0.6880147
2009,0.1500884
2010,0.35356975
2011,0.7732559
2012,0.23638074
2013,0.90872806
2014,0.31427267
2015,0.14647159
2016,0.28654754
2017,0.6376625
2018,0.66853684
2019,0.23643005
2020,0.14653184
2021,0.14633915
2022,0.14316908
2023,0.51585567
2024,0.35386
2025,0.5191594
2026,0.24777234
2027,0.14647402
2028,0.41173568
2029,0.32021156
2030,0.23323701
2031,0.15730555
2032,0.88859475
2033,0.15101545
2034,0.999718
2035,0.15654975
2036,0.15735672
2037,0.85999316
2038,0.14648826
2039,0.99498403
2040,0.3544071
2041,0.32475403
2042,0.19845143
2043,0.14652964
2044,0.33059514
2045,0.9641155
2046,0.16974571
2047,0.28214324
2048,0.14651823
2049,0.655009
2050,0.8882974
2051,0.25607556
2052,0.7372872
2053,0.28453174
2054,0.75542104
2055,0.9217183
2056,0.934925
2057,0.9985904
2058,0.9774629
2059,0.2628497
2060,0.5713528
2061,0.15587534
2062,0.26900685
2063,0.22100328
2064,0.7363081
2065,0.2210247
2066,0.8093496
2067,0.7702641
2068,0.14254545
2069,0.21546324
2070,0.15281072
2071,0.9490156
2072,0.9760409
2073,0.23378842
2074,0.15759596
2075,0.8903533
2076,0.9995882
2077,0.95016974
2078,0.26066604
2079,0.5868081
2080,0.836199
2081,0.36241466
2082,0.28278917
2083,0.14648888
2084,0.9985905
2085,0.2154605
2086,0.2971244
2087,0.30877915
2088,0.9838198
2089,0.14648128
2090,0.30141044
2091,0.7065393
2092,0.9990239
2093,0.2893634
2094,0.31383517
2095,0.23652986
2096,0.14652167
2097,0.78024715
2098,0.14651899
2099,0.21536438
2100,0.4642411
2101,0.930256
2102,0.52096
2103,0.20194106
2104,0.60146654
2105,0.9096113
2106,0.5657647
2107,0.23748466
2108,0.9159497
2109,0.1464171
2110,0.7176445
2111,0.4118795
2112,0.3092184
2113,0.14638527
2114,0.28852525
2115,0.32801884
2116,0.22109196
2117,0.15681593
2118,0.4029544
2119,0.31278175
2120,0.3935127
2121,0.25574782
2122,0.36110708
2123,0.31558624
2124,0.27944046
2125,0.3741857
2126,0.27691785
2127,0.14653021
2128,0.86949694
2129,0.40456757
2130,0.9859547
2131,0.11911456
2132,0.13047451
2133,0.15681398
2134,0.28214404
2135,0.5471917
2136,0.15446456
2137,0.1986656
2138,0.41612408
2139,0.15064152
2140,0.21542427
2141,0.96267563
2142,0.23310785
2143,0.47720128
2144,0.40900448
2145,0.82019657
2146,0.29507267
2147,0.14693502
2148,0.6674903
2149,0.71310526
2150,0.751481
2151,0.92837065
2152,0.4875091
2153,0.38983947
2154,0.52800703
2155,0.30873048
2156,0.6768144
2157,0.9689043
2158,0.29514313
2159,0.19878286
2160,0.519394
2161,0.21431759
2162,0.25636473
2163,0.89628065
2164,0.29711846
2165,0.68126845
2166,0.96560085
2167,0.15655833
2168,0.23654781
2169,0.9839468
2170,0.35105458
2171,0.5277388
2172,0.29318613
2173,0.31493714
2174,0.2154443
2175,0.31643105
2176,0.35370764
2177,0.96065056
2178,0.94343585
2179,0.92120725
2180,0.14647867
2181,0.9891186
2182,0.27750838
2183,0.871777
2184,0.82628214
2185,0.14634004
2186,0.6916543
2187,0.674966
2188,0.29219854
2189,0.3140805
2190,0.25606507
2191,0.3207966
2192,0.9059784
2193,0.32151294
2194,0.1987517
2195,0.64260954
2196,0.2546029
2197,0.21546122
2198,0.37622607
2199,0.61034787
2200,0.8599308
2201,0.65684235
2202,0.19878086
2203,0.14645675
2204,0.857901
2205,0.83690727
2206,0.35809067
2207,0.9048992
2208,0.61540926
2209,0.1463299
2210,0.8154023
2211,0.20577118
2212,0.94782096
2213,0.964783
2214,0.23714545
2215,0.99859065
2216,0.33414793
2217,0.25840643
2218,0.87517697
2219,0.7923714
2220,0.8446985
2221,0.9990237
2222,0.79791987
2223,0.8086319
2224,0.61578995
2225,0.2969598
2226,0.30374706
2227,0.3308687
2228,0.39242402
2229,0.24149239
2230,0.15740597
2231,0.19884458
2232,0.6877762
2233,0.762091
2234,0.21531518
2235,0.3217118
2236,0.28574264
2237,0.84946245
2238,0.9157307
2239,0.8835762
2240,0.2559763
2241,0.24189658
2242,0.85321105
2243,0.74829435
2244,0.37619296
2245,0.9200088
2246,0.3070947
2247,0.14652814
2248,0.8940578
2249,0.76215786
2250,0.31260985
2251,0.39797154
2252,0.2970382
2253,0.2697387
2254,0.30956784
2255,0.5867547
2256,0.18693945
2257,0.9858496
2258,0.39141825
2259,0.99961543
2260,0.15717055
2261,0.8455493
2262,0.24279682
2263,0.26284072
2264,0.19852273
2265,0.7237842
2266,0.6335707
2267,0.83369094
2268,0.29004595
2269,0.31903344
2270,0.2651778
2271,0.2377165
2272,0.3336759
2273,0.14651176
2274,0.7093307
2275,0.26126146
2276,0.2690811
2277,0.40116727
2278,0.9615363
2279,0.4887113
2280,0.28452337
2281,0.79038835
2282,0.6900984
2283,0.39741933
2284,0.21083601
2285,0.14653814
2286,0.210091
2287,0.7165611
2288,0.5677963
2289,0.3628506
2290,0.15477556
2291,0.8561582
2292,0.9624886
2293,0.28230372
2294,0.24129966
2295,0.47411332
2296,0.31286645
2297,0.21378651
2298,0.16810521
2299,0.22221407
2300,0.27897453
2301,0.22092356
2302,0.23551565
2303,0.30128437
2304,0.26900837
2305,0.22110897
2306,0.91070616
2307,0.6394333
2308,0.77202594
2309,0.2822078
2310,0.9855247
2311,0.21059333
2312,0.19864061
2313,0.23642373
2314,0.19873802
2315,0.14653115
2316,0.85271865
2317,0.14652765
2318,0.15696916
2319,0.26279294
2320,0.279704
2321,0.45830667
2322,0.7100237
2323,0.28219673
2324,0.7082658
2325,0.2890373
2326,0.2628697
2327,0.14637841
2328,0.15635489
2329,0.27452943
2330,0.31595477
2331,0.77860045
2332,0.83241093
2333,0.24229333
2334,0.52739006
2335,0.3214358
2336,0.60129493
2337,0.14645961
2338,0.34478375
2339,0.26284054
2340,0.99858785
2341,0.8668156
2342,0.24970156
2343,0.82607096
2344,0.37915
2345,0.40794948
2346,0.35451174
2347,0.8782053
2348,0.21813288
2349,0.34028
2350,0.26435116
2351,0.67381924
2352,0.15753877
2353,0.91396195
2354,0.35404024
2355,0.33494186
2356,0.35236895
2357,0.15020391
2358,0.7965308
2359,0.999554
2360,0.7964507
2361,0.295003
2362,0.96441746
2363,0.21541876
2364,0.19334419
2365,0.35386544
2366,0.7572486
2367,0.3596268
2368,0.51567227
2369,0.84921974
2370,0.6335217
2371,0.14649923
2372,0.19864061
2373,0.32093114
2374,0.21286121
2375,0.53565603
2376,0.14647259
2377,0.67352986
2378,0.15759845
2379,0.99995685
2380,0.3698706
2381,0.90542865
2382,0.84711903
2383,0.15733957
2384,0.35391805
2385,0.93090194
2386,0.29511
2387,0.29500353
2388,0.5151666
2389,0.79312164
2390,0.15734155
2391,0.31600273
2392,0.23656648
2393,0.30931148
2394,0.26520014
2395,0.8183301
2396,0.30558428
2397,0.35325906
2398,0.2331867
2399,0.502461
2400,0.79514694
2401,0.9993662
2402,0.22112033
2403,0.21192569
2404,0.41849366
2405,0.32460153
2406,0.8167145
2407,0.21327497
2408,0.46985263
2409,0.79708946
2410,0.86951965
2411,0.36270556
2412,0.26902932
2413,0.9201165
2414,0.6788195
2415,0.23657194
2416,0.36329153
2417,0.7492188
2418,0.6145723
2419,0.4117358
2420,0.8987145
2421,0.15445092
2422,0.21542779
2423,0.9335679
2424,0.15227023
2425,0.15343137
2426,0.28503653
2427,0.32441726
2428,0.6986911
2429,0.19494613
2430,0.66721267
2431,0.3091758
2432,0.15444393
2433,0.02661385
2434,0.20728573
2435,0.85569036
2436,0.53264904
2437,0.30593497
2438,0.14253779
2439,0.6785763
2440,0.23404424
2441,0.24751721
2442,0.33492237
2443,0.71890336
2444,0.26273134
2445,0.3329761
2446,0.14644888
2447,0.28257498
2448,0.35164174
2449,0.1573857
2450,0.2155924
2451,0.9995091
2452,0.278735
2453,0.4569871
2454,0.21526733
2455,0.21743798
2456,0.28790838
2457,0.21537453
2458,0.14641592
2459,0.23578124
2460,0.6008227
2461,0.9385042
2462,0.23649593
2463,0.23654234
2464,0.15601854
2465,0.5138908
2466,0.1465151
2467,0.1464686
2468,0.23021378
2469,0.9323484
2470,0.25515053
2471,0.5245121
2472,0.8452489
2473,0.7694789
2474,0.6598453
2475,0.7041922
2476,0.27134016
2477,0.2822747
2478,0.3973642
2479,0.32388186
2480,0.52250487
2481,0.23032202
2482,0.29706144
2483,0.28264955
2484,0.2071454
2485,0.19383867
2486,0.5011056
2487,0.32170042
2488,0.2319511
2489,0.3670905
2490,0.2837489
2491,0.20802331
2492,0.14652798
2493,0.26898107
2494,0.2118929
2495,0.51609993
2496,0.9165791
2497,0.5248753
2498,0.15700649
2499,0.98405206
2500,0.3084076
2501,0.35566023
2502,0.14646247
2503,0.14646861
2504,0.35122696
2505,0.31214
2506,0.2951161
2507,0.8012928
2508,0.25586435
2509,0.974837
2510,0.32175133
2511,0.5329121
2512,0.6180265
2513,0.19878076
2514,0.22110656
2515,0.6669291
2516,0.65948963
2517,0.35349718
2518,0.9763163
2519,0.8500508
2520,0.30123043
2521,0.3721504
2522,0.19872847
2523,0.20285273
2524,0.30487254
2525,0.93133533
2526,0.3169461
2527,0.2628803
2528,0.13382828
2529,0.355674
2530,0.6269723
2531,0.21222922
2532,0.427784
2533,0.8205409
2534,0.20943104
2535,0.22827853
2536,0.30698857
2537,0.23329149
2538,0.19315405
2539,0.83140236
2540,0.46304783
2541,0.6948229
2542,0.21544616
2543,0.53690505
2544,0.7232037
2545,0.7078955
2546,0.22111368
2547,0.90599746
2548,0.042052068
2549,0.90136874
2550,0.51795727
2551,0.21899052
2552,0.22808443
2553,0.82541376
2554,0.23654082
2555,0.1988008
2556,0.79485315
2557,0.1559327
2558,0.19494615
2559,0.29690707
2560,0.2950509
2561,0.28461686
2562,0.15054989
2563,0.29001808
2564,0.99902356
2565,0.33703834
2566,0.37201738
2567,0.36642408
2568,0.29712442
2569,0.93098843
2570,0.3200474
2571,0.40070683
2572,0.63284934
2573,0.21537553
2574,0.85978824
2575,0.45783323
2576,0.22793609
2577,0.32169026
2578,0.65613747
2579,0.54074985
2580,0.2611477
2581,0.23656175
2582,0.87817955
2583,0.29220867
2584,0.29700518
2585,0.0127053205
2586,0.40735698
2587,0.26125914
2588,0.3556082
2589,0.14683472
2590,0.26283416
2591,0.25456586
2592,0.2336876
2593,0.8351888
2594,0.15294261
2595,0.6006134
2596,0.29145274
2597,0.35341737
2598,0.1987602
2599,0.9992418
2600,0.23057908
2601,0.24374339
2602,0.35252532
2603,0.20485553
2604,0.19877644
2605,0.5322752
2606,0.249596
2607,0.23419029
2608,0.41240823
2609,0.9999871
2610,0.8672732
2611,0.205334
2612,0.38656518
2613,0.9192705
2614,0.26304635
2615,0.19843179
2616,0.7313268
2617,0.7857227
2618,0.7115756
2619,0.14257753
2620,0.26902428
2621,0.3539232
2622,0.2112702
2623,0.39886302
2624,0.6712573
2625,0.4615379
2626,0.89251155
2627,0.8771198
2628,0.38732544
2629,0.15347183
2630,0.3447214
2631,0.3217112
2632,0.91494447
2633,0.96836144
2634,0.23654403
2635,0.0115073295
2636,0.99902356
2637,0.77598304
2638,0.8432449
2639,0.74524474
2640,0.3335158
2641,0.30458385
2642,0.73493534
2643,0.3322116
2644,0.23731907
2645,0.14653058
2646,0.43336883
2647,0.9405716
2648,0.87559325
2649,0.92563206
2650,0.8992137
2651,0.18361275
2652,0.23658256
2653,0.1996993
2654,0.39783654
2655,0.23276176
2656,0.15113331
2657,0.22118847
2658,0.8978471
2659,0.21190594
2660,0.15624137
2661,0.70825493
2662,0.29333645
2663,0.9316477
2664,0.9622129
2665,0.33265692
2666,0.83178514
2667,0.21769716
2668,0.38556457
2669,0.334383
2670,0.7317893
2671,0.9469603
2672,0.32475367
2673,0.2735035
2674,0.3377802
2675,0.21545465
2676,0.94320726
2677,0.2972142
2678,0.3224779
2679,0.33042982
2680,0.6102476
2681,0.22991382
2682,0.2951785
2683,0.18895333
2684,0.39826953
2685,0.51730216
2686,0.22999841
2687,0.29709616
2688,0.2820686
2689,0.3349161
2690,0.8419942
2691,0.8035962
2692,0.19838685
2693,0.9346833
2694,0.38534737
2695,0.3605725
2696,0.457815
2697,0.9100273
2698,0.6815581
2699,0.81227887
2700,0.29500774
2701,0.2365624
2702,0.15640521
2703,0.9235038
2704,0.14644943
2705,0.82740486
2706,0.87974787
2707,0.9108154
2708,0.97693706
2709,0.2336996
2710,0.15447912
2711,0.38831502
2712,0.22092572
2713,0.7610315
2714,0.37848884
2715,0.5208157
2716,0.4181056
2717,0.1425463
2718,0.21542372
2719,0.14653496
2720,0.19866425
2721,0.96846986
2722,0.25611526
2723,0.31948692
2724,0.14886613
2725,0.55190617
2726,0.71498334
2727,0.34822667
2728,0.9407723
2729,0.8645349
2730,0.26913372
2731,0.4174467
2732,0.7608403
2733,0.23136787
2734,0.7382454
2735,0.91767985
2736,0.21443549
2737,0.43527782
2738,0.26300386
2739,0.91793
2740,0.36941382
2741,0.7223232
2742,0.9654515
2743,0.8883569
2744,0.26124537
2745,0.15414728
2746,0.28859004
2747,0.71656877
2748,0.65317494
2749,0.1426536
2750,0.50195265
2751,0.30222183
2752,0.036687788
2753,0.45799553
2754,0.9296266
2755,0.37951753
2756,0.43332148
2757,0.15355752
2758,0.8835602
2759,0.23679882
2760,0.85569006
2761,0.60212374
2762,0.2154462
2763,0.44345444
2764,0.23065138
2765,0.14648005
2766,0.28611612
2767,0.67057836
2768,0.30601856
2769,0.26279578
2770,0.13625541
2771,0.91565883
2772,0.15285315
2773,0.21544881
2774,0.9709072
2775,0.33624274
2776,0.22172272
2777,0.14632125
2778,0.21539684
2779,0.29710305
2780,0.9258623
2781,0.46386302
2782,0.28224558
2783,0.47550985
2784,0.77076864
2785,0.28299534
2786,0.8602609
2787,0.2141882
2788,0.55303746
2789,0.26913792
2790,0.23418096
2791,0.29008225
2792,0.29389134
2793,0.67290246
2794,0.97623414
2795,0.2821459
2796,0.27871853
2797,0.28643146
2798,0.45763275
2799,0.8321973
2800,0.2924041
2801,0.26287955
2802,0.41792196
2803,0.21544562
2804,0.8385682
2805,0.23417418
2806,0.2119296
2807,0.81824106
2808,0.198506
2809,0.6923358
2810,0.18745159
2811,0.9384384
2812,0.23654413
2813,0.8876832
2814,0.8923354
2815,0.98993886
2816,0.15633589
2817,0.92612576
2818,0.31704503
2819,0.93867785
2820,0.83029515
2821,0.21406487
2822,0.28924465
2823,0.89658797
2824,0.45718104
2825,0.1425488
2826,0.71610016
2827,0.3128714
2828,0.23638794
2829,0.48694307
2830,0.39656433
2831,0.96725297
2832,0.44638357
2833,0.65978855
2834,0.29007643
2835,0.35455436
2836,0.9990238
2837,0.29820582
2838,0.4843212
2839,0.2724613
2840,0.30124447
2841,0.2044256
2842,0.8990227
2843,0.35994953
2844,0.6364727
2845,0.14923997
2846,0.24172099
2847,0.234236
2848,0.28723565
2849,0.2117143
2850,0.14650035
2851,0.43146873
2852,0.43985912
2853,0.27257866
2854,0.26227474
2855,0.14651205
2856,0.25001025
2857,0.35489514
2858,0.5404146
2859,0.717025
2860,0.5048296
2861,0.3990225
2862,0.28654385
2863,0.9995974
2864,0.3619331
2865,0.98850006
2866,0.88374215
2867,0.15714964
2868,0.93758595
2869,0.2904409
2870,0.1425361
2871,0.69714516
2872,0.2899654
2873,0.25637427
2874,0.52727616
2875,0.5279291
2876,0.4385423
2877,0.32093236
2878,0.75663984
2879,0.33405438
2880,0.5272374
2881,0.9243185
2882,0.29714003
2883,0.5504024
2884,0.3117269
2885,0.43988782
2886,0.81653893
2887,0.21530035
2888,0.28653014
2889,0.28995928
2890,0.29716137
2891,0.3168465
2892,0.7225342
2893,0.9086374
2894,0.6492948
2895,0.14254864
2896,0.97162884
2897,0.73651963
2898,0.5523153
2899,0.13121054
2900,0.24269927
2901,0.91113305
2902,0.9991345
2903,0.5277362
2904,0.22115931
2905,0.36446455
2906,0.23678754
2907,0.11274589
2908,0.91813135
2909,0.742893
2910,0.6766944
2911,0.13049465
2912,0.22591065
2913,0.210327
2914,0.3542395
2915,0.22800414
2916,0.14650796
2917,0.639701
2918,0.32093084
2919,0.15757668
2920,0.9824722
2921,0.21238784
2922,0.262732
2923,0.39900142
2924,0.94401854
2925,0.3364488
2926,0.35366827
2927,0.3347405
2928,0.21681419
2929,0.77141744
2930,0.16428521
2931,0.97033036
2932,0.23345573
2933,0.14649872
2934,0.32882312
2935,0.22118011
2936,0.9987141
2937,0.8907312
2938,0.96806794
2939,0.73193485
2940,0.67696744
2941,0.52292186
2942,0.5516069
2943,0.82639205
2944,0.21446359
2945,0.4482823
2946,0.22598302
2947,0.20350796
2948,0.48501757
2949,0.39789572
2950,0.6726237
2951,0.7850154
2952,0.22197193
2953,0.28452644
2954,0.9990238
2955,0.90477073
2956,0.20126013
2957,0.49463618
2958,0.14647365
2959,0.62393695
2960,0.35356945
2961,0.2688624
2962,0.15280409
2963,0.30299422
2964,0.79680705
2965,0.8175467
2966,0.23036447
2967,0.26891288
2968,0.96304893
2969,0.20568517
2970,0.70142007
2971,0.25421396
2972,0.1465081
2973,0.29504615
2974,0.8611069
2975,0.45771196
2976,0.21190952
2977,0.15743299
2978,0.8518518
2979,0.2889643
2980,0.2034663
2981,0.22897382
2982,0.94653237
2983,0.25581717
2984,0.19115089
2985,0.1528909
2986,0.26166478
2987,0.95746595
2988,0.91849023
2989,0.15442707
2990,0.31274992
2991,0.7498384
2992,0.19464186
2993,0.88813007
2994,0.8992272
2995,0.9614316
2996,0.29678178
2997,0.56198657
2998,0.9258719
2999,0.94855875
3000,0.4489562
3001,0.2280493
3002,0.79360694
3003,0.1730536
3004,0.6785792
3005,0.19887505
3006,0.35759386
3007,0.68194246
3008,0.21241556
3009,0.32991883
3010,0.36332142
3011,0.20051181
3012,0.346282
3013,0.37546495
3014,0.037487
3015,0.23294553
3016,0.28227666
3017,0.3360268
3018,0.35447115
3019,0.55050766
3020,0.80276626
3021,0.23445986
3022,0.95364296
3023,0.9443024
3024,0.36335984
3025,0.74875754
3026,0.6020059
3027,0.333686
3028,0.82431954
3029,0.23407467
3030,0.25610334
3031,0.19872367
3032,0.56076044
3033,0.80742025
3034,0.23642775
3035,0.22075379
3036,0.15447918
3037,0.3242833
3038,0.2365868
3039,0.9660881
3040,0.6662806
3041,0.14567374
3042,0.35761562
3043,0.19869657
3044,0.72337776
3045,0.762111
3046,0.80868053
3047,0.8457019
3048,0.8226948
3049,0.31440827
3050,0.32425454
3051,0.20764574
3052,0.23302859
3053,0.21166246
3054,0.5130986
3055,0.9990237
3056,0.32851568
3057,0.30925444
3058,0.48636976
3059,0.55000967
3060,0.8732941
3061,0.28728348
3062,0.5408201
3063,0.86094594
3064,0.15156156
3065,0.999233
3066,0.35423422
3067,0.43073547
3068,0.22991617
3069,0.15553106
3070,0.14625503
3071,0.26437476
3072,0.96890455
3073,0.8624463
3074,0.67011315
3075,0.21531852
3076,0.2968547
3077,0.9995715
3078,0.23657487
3079,0.8219886
3080,0.3963499
3081,0.8223711
3082,0.19871977
3083,0.29559144
3084,0.21544047
3085,0.8156539
3086,0.21544403
3087,0.58860004
3088,0.81745195
3089,0.8317
3090,0.26288807
3091,0.99902236
3092,0.93248886
3093,0.33840352
3094,0.20107454
3095,0.1574092
3096,0.30910864
3097,0.45719787
3098,0.9136284
3099,0.35252622
3100,0.3456645
3101,0.7938754
3102,0.8625625
3103,0.33477244
3104,0.1456291
3105,0.15350252
3106,0.9985905
3107,0.86968035
3108,0.87653434
3109,0.8568911
3110,0.2344714
3111,0.57815653
3112,0.38616708
3113,0.19932042
3114,0.93023366
3115,0.2787542
3116,0.19944455
3117,0.059637967
3118,0.32169545
3119,0.8744
3120,0.30872303
3121,0.79645073
3122,0.21670632
3123,0.15430899
3124,0.23277654
3125,0.532786
3126,0.40336493
3127,0.22513613
3128,0.26981217
3129,0.35887745
3130,0.31805342
3131,0.15265127
3132,0.38526416
3133,0.23655882
3134,0.26287135
3135,0.21546103
3136,0.33467796
3137,0.83765465
3138,0.7114288
3139,0.27812052
3140,0.945426
3141,0.30464652
3142,0.4117966
3143,0.23229371
3144,0.55023175
3145,0.28208646
3146,0.446414
3147,0.23933685
3148,0.2211449
3149,0.15453252
3150,0.19494613
3151,0.2535824
3152,0.47724262
3153,0.88889134
3154,0.14653099
3155,0.99859065
3156,0.72321296
3157,0.65765005
3158,0.23052455
3159,0.21546759
3160,0.35478598
3161,0.20345592
3162,0.14652883
3163,0.23666927
3164,0.20833896
3165,0.19876793
3166,0.35551053
3167,0.8022342
3168,0.19494613
3169,0.19880037
3170,0.29719117
3171,0.80133754
3172,0.5609537
3173,0.27793568
3174,0.8573854
3175,0.36336306
3176,0.33117008
3177,0.3154867
3178,0.4355353
3179,0.2194569
3180,0.5148967
3181,0.98346287
3182,0.31691146
3183,0.28384647
3184,0.2209279
3185,0.15703347
3186,0.39943165
3187,0.29512495
3188,0.3842093
3189,0.14652537
3190,0.15713465
3191,0.5342659
3192,0.28690216
3193,0.41614798
3194,0.5548913
3195,0.83743507
3196,0.32357973
3197,0.3494881
3198,0.14646843
3199,0.24013263
3200,0.32169822
3201,0.19494617
3202,0.93436277
3203,0.26865906
3204,0.2674512
3205,0.89126354
3206,0.27163962
3207,0.14652908
3208,0.33776957
3209,0.33044794
3210,0.15568405
3211,0.31459486
3212,0.2920136
3213,0.54508823
3214,0.4476534
3215,0.21545519
3216,0.35377172
3217,0.28690606
3218,0.4399289
3219,0.5612287
3220,0.60995096
3221,0.21547112
3222,0.30660146
3223,0.3113009
3224,0.90571254
3225,0.88328713
3226,0.93212235
3227,0.32081708
3228,0.25015265
3229,0.4772185
3230,0.14650945
3231,0.19863224
3232,0.28281465
3233,0.31318012
3234,0.87186253
3235,0.14875913
3236,0.33470473
3237,0.1463748
3238,0.350859
3239,0.24267028
3240,0.33840287
3241,0.582619
3242,0.1535393
3243,0.99859005
3244,0.8986089
3245,0.35326132
3246,0.22818415
3247,0.52712375
3248,0.36055028
3249,0.457668
3250,0.48494384
3251,0.5625331
3252,0.32174316
3253,0.06565031
3254,0.99971086
3255,0.14650773
3256,0.1839648
3257,0.7148502
3258,0.31134924
3259,0.16296735
3260,0.28607073
3261,0.5513532
3262,0.21545196
3263,0.14652827
3264,0.22223659
3265,0.99858993
3266,0.21307129
3267,0.3062023
3268,0.62798667
3269,0.23280607
3270,0.19907555
3271,0.37725633
3272,0.1465112
3273,0.85811377
3274,0.9756941
3275,0.28504005
3276,0.7505214
3277,0.99858934
3278,0.15446284
3279,0.28275973
3280,0.8201922
3281,0.9546723
3282,0.37475815
3283,0.84364426
3284,0.51179504
3285,0.84328604
3286,0.98709947
3287,0.24222133
3288,0.15684809
3289,0.19926386
3290,0.3859994
3291,0.92739177
3292,0.9124941
3293,0.2949946
3294,0.32504952
3295,0.62428886
3296,0.76840436
3297,0.3021367
3298,0.8951797
3299,0.8283839
3300,0.37029395
3301,0.29518634
3302,0.8174041
3303,0.20595434
3304,0.13807149
3305,0.21535471
3306,0.13571092
3307,0.966133
3308,0.22109076
3309,0.20801564
3310,0.15617721
3311,0.3535782
3312,0.41170403
3313,0.2074725
3314,0.16970798
3315,0.31950033
3316,0.14254281
3317,0.5611546
3318,0.8877007
3319,0.15555309
3320,0.9139045
3321,0.21329875
3322,0.15185957
3323,0.54505205
3324,0.9106163
3325,0.83359987
3326,0.8717094
3327,0.8985029
3328,0.9177915
3329,0.21545005
3330,0.6559548
3331,0.7953416
3332,0.13435277
3333,0.38377684
3334,0.64340836
3335,0.3336979
3336,0.7672624
3337,0.20911093
3338,0.14651984
3339,0.146528
3340,0.9318818
3341,0.5513497
3342,0.49929985
3343,0.1987144
3344,0.47268936
3345,0.15674068
3346,0.9993685
3347,0.97704756
3348,0.218975
3349,0.96409345
3350,0.45712104
3351,0.9873541
3352,0.4354782
3353,0.21033597
3354,0.4728958
3355,0.89051646
3356,0.2342218
3357,0.21406448
3358,0.7758024
3359,0.4337833
3360,0.7540578
3361,0.26438293
3362,0.7971881
3363,0.2154546
3364,0.736322
3365,0.67621094
3366,0.22110352
3367,0.6833804
3368,0.31228867
3369,0.8067878
3370,0.28570673
3371,0.26604348
3372,0.3740784
3373,0.9998307
3374,0.857665
3375,0.21288238
3376,0.23274904
3377,0.87244153
3378,0.2900905
3379,0.23049669
3380,0.67603356
3381,0.26744393
3382,0.31329733
3383,0.15629104
3384,0.9004374
3385,0.42629603
3386,0.53825194
3387,0.3243833
3388,0.8606278
3389,0.44192114
3390,0.9307703
3391,0.14652015
3392,0.22811264
3393,0.6889444
3394,0.21538894
3395,0.14778312
3396,0.20923898
3397,0.37842315
3398,0.86324096
3399,0.14651188
3400,0.9990238
3401,0.14254794
3402,0.7068885
3403,0.22108623
3404,0.9682709
3405,0.35342628
3406,0.15738568
3407,0.2910824
3408,0.14651826
3409,0.15634532
3410,0.1404472
3411,0.9890098
3412,0.7749632
3413,0.14650972
3414,0.26746076
3415,0.28097478
3416,0.157357
3417,0.70974463
3418,0.1465202
3419,0.2822592
3420,0.24272525
3421,0.30916542
3422,0.5781993
3423,0.13174814
3424,0.5328895
3425,0.15689741
3426,0.21445294
3427,0.23661582
3428,0.29711047
3429,0.6481254
3430,0.21439865
3431,0.19868045
3432,0.31909278
3433,0.8547798
3434,0.19881403
3435,0.8741678
3436,0.8826452
3437,0.7347559
3438,0.48132405
3439,0.9992423
3440,0.78479177
3441,0.85312724
3442,0.21683605
3443,0.9553168
3444,0.15679674
3445,0.826728
3446,0.21319287
3447,0.93112725
3448,0.5785503
3449,0.9766967
3450,0.012184665
3451,0.20797923
3452,0.41161418
3453,0.26288375
3454,0.1761514
3455,0.23659886
3456,0.93821305
3457,0.41925088
3458,0.21527988
3459,0.28994605
3460,0.23644231
3461,0.29982787
3462,0.55862707
3463,0.8024373
3464,0.80268455
3465,0.94836175
3466,0.2628949
3467,0.3627101
3468,0.15762739
3469,0.24235241
3470,0.22222264
3471,0.24226344
3472,0.93857604
3473,0.3148942
3474,0.2312187
3475,0.2146045
3476,0.28381756
3477,0.19841768
3478,0.14316563
3479,0.22807482
3480,0.85815567
3481,0.32170472
3482,0.22710223
3483,0.84348655
3484,0.27408952
3485,0.2436728
3486,0.67607456
3487,0.2822536
3488,0.28219283
3489,0.24233592
3490,0.9454538
3491,0.77983063
3492,0.85376453
3493,0.9387709
3494,0.15714528
3495,0.9135692
3496,0.19875927
3497,0.2628049
